"NAME","ID","BASIN","ISO_TIME_________","NATURE","LAT","LON","WMO WIND","WMO PRES","USA WIND","USA PRES","TOKYO WIND","TOKYO PRES","CMA WIND","CMA PRES","HKO WIND","HKO PRES"
"KAI-TAK","2000185N15117","WP","2000-07-02 12:00:00","TS","15.30","117.20","","","","","","23","1002","",""
"KAI-TAK","2000185N15117","WP","15:00:00","TS","15.52","117.35","","","","","","23","1002","",""
"KAI-TAK","2000185N15117","WP","18:00:00","TS","15.70","117.50","","","","","","23","1002","",""
"KAI-TAK","2000185N15117","WP","21:00:00","TS","15.82","117.64","","","","","","23","1001","",""
"KAI-TAK","2000185N15117","WP","2000-07-03 00:00:00","TS","15.90","117.80","","","","","","23","1000","",""
"KAI-TAK","2000185N15117","WP","03:00:00","TS","15.96","118.04","","","","","","26","999","",""
"KAI-TAK","2000185N15117","WP","06:00:00","TS","15.94","118.26","","","15","","","29","998","",""
"KAI-TAK","2000185N15117","WP","09:00:00","TS","15.97","118.58","","","15","","","29","998","",""
"KAI-TAK","2000185N15117","WP","12:00:00","TS","16.00","118.91","","1000","15","","1000","29","998","",""
"KAI-TAK","2000185N15117","WP","15:00:00","TS","16.08","119.12","","","17","","998","29","998","",""
"KAI-TAK","2000185N15117","WP","18:00:00","TS","16.22","119.28","","996","20","","996","29","998","",""
"KAI-TAK","2000185N15117","WP","21:00:00","TS","16.39","119.45","","","20","","996","29","998","",""
"KAI-TAK","2000185N15117","WP","2000-07-04 00:00:00","TS","16.62","119.62","","996","20","","996","29","998","30","994"
"KAI-TAK","2000185N15117","WP","03:00:00","TS","16.97","119.88","","","25","","995","29","996","30","994"
"KAI-TAK","2000185N15117","WP","06:00:00","TS","17.41","120.13","","994","30","","994","29","995","30","994"
"KAI-TAK","2000185N15117","WP","09:00:00","TS","17.90","120.31","","","27","","995","29","995","30","994"
"KAI-TAK","2000185N15117","WP","12:00:00","TS","18.33","120.45","","996","25","","996","29","995","30","994"
"KAI-TAK","2000185N15117","WP","15:00:00","TS","18.57","120.56","","","25","","995","29","995","30","994"
"KAI-TAK","2000185N15117","WP","18:00:00","TS","18.70","120.63","","994","25","","994","29","995","30","994"
"KAI-TAK","2000185N15117","WP","21:00:00","TS","18.80","120.67","","","25","","994","29","995","30","994"
"KAI-TAK","2000185N15117","WP","2000-07-05 00:00:00","TS","18.85","120.68","","994","25","","994","29","995","30","994"
"KAI-TAK","2000185N15117","WP","03:00:00","TS","18.89","120.64","","","25","","994","29","995","32","993"
"KAI-TAK","2000185N15117","WP","06:00:00","TS","18.92","120.55","","994","25","","994","29","995","35","992"
"KAI-TAK","2000185N15117","WP","09:00:00","TS","18.98","120.42","","","27","","994","29","995","37","992"
"KAI-TAK","2000185N15117","WP","12:00:00","TS","19.05","120.28","","994","30","","994","29","995","40","992"
"KAI-TAK","2000185N15117","WP","15:00:00","TS","19.16","120.19","","","32","","993","33","992","42","991"
"KAI-TAK","2000185N15117","WP","18:00:00","TS","19.28","120.10","40","992","35","40","992","38","990","45","990"
"KAI-TAK","2000185N15117","WP","21:00:00","TS","19.38","119.99","","","40","45","988","43","987","47","987"
"KAI-TAK","2000185N15117","WP","2000-07-06 00:00:00","TS","19.48","119.85","50","985","45","50","985","48","985","50","985"
"KAI-TAK","2000185N15117","WP","03:00:00","TS","19.57","119.70","","","50","55","980","51","982","52","982"
"KAI-TAK","2000185N15117","WP","06:00:00","TS","19.67","119.53","60","975","55","60","975","54","980","55","980"
"KAI-TAK","2000185N15117","WP","09:00:00","TS","19.80","119.29","","","57","62","972","56","977","57","977"
"KAI-TAK","2000185N15117","WP","12:00:00","TS","19.90","119.05","65","970","60","65","970","58","975","60","975"
"KAI-TAK","2000185N15117","WP","15:00:00","TS","19.95","118.86","","","62","67","967","58","975","62","972"
"KAI-TAK","2000185N15117","WP","18:00:00","TS","19.92","118.70","70","965","65","70","965","58","975","65","970"
"KAI-TAK","2000185N15117","WP","21:00:00","TS","19.79","118.54","","","65","72","962","61","972","67","967"
"KAI-TAK","2000185N15117","WP","2000-07-07 00:00:00","TS","19.65","118.48","75","960","65","75","960","64","970","70","965"
"KAI-TAK","2000185N15117","WP","03:00:00","TS","19.64","118.56","","","70","75","960","66","970","72","962"
"KAI-TAK","2000185N15117","WP","06:00:00","TS","19.68","118.70","75","960","75","75","960","68","970","75","960"
"KAI-TAK","2000185N15117","WP","09:00:00","TS","19.68","118.81","","","75","75","960","68","970","75","960"
"KAI-TAK","2000185N15117","WP","12:00:00","TS","19.70","118.90","75","960","75","75","960","68","970","75","960"
"KAI-TAK","2000185N15117","WP","15:00:00","TS","19.74","118.97","","","75","75","960","68","967","75","960"
"KAI-TAK","2000185N15117","WP","18:00:00","TS","19.80","119.05","75","960","75","75","960","68","965","75","960"
"KAI-TAK","2000185N15117","WP","21:00:00","TS","19.88","119.19","","","75","72","962","68","965","75","960"
"KAI-TAK","2000185N15117","WP","2000-07-08 00:00:00","TS","19.97","119.35","70","965","75","70","965","68","965","75","960"
"KAI-TAK","2000185N15117","WP","03:00:00","TS","20.07","119.49","","","70","67","967","68","965","72","962"
"KAI-TAK","2000185N15117","WP","06:00:00","TS","20.20","119.68","65","970","65","65","970","68","965","70","965"
"KAI-TAK","2000185N15117","WP","09:00:00","TS","20.34","119.93","","","65","60","975","66","967","67","967"
"KAI-TAK","2000185N15117","WP","12:00:00","TS","20.55","120.23","55","980","65","55","980","64","970","65","970"
"KAI-TAK","2000185N15117","WP","15:00:00","TS","20.83","120.51","","","65","55","980","64","972","65","970"
"KAI-TAK","2000185N15117","WP","18:00:00","TS","21.28","120.80","55","980","65","55","980","64","975","65","970"
"KAI-TAK","2000185N15117","WP","21:00:00","TS","21.90","121.12","","","65","52","982","61","977","62","975"
"KAI-TAK","2000185N15117","WP","2000-07-09 00:00:00","TS","22.70","121.38","50","985","65","50","985","58","980","60","980"
"KAI-TAK","2000185N15117","WP","03:00:00","TS","23.61","121.51","50","985","60","50","985","58","980","60","980"
"KAI-TAK","2000185N15117","WP","06:00:00","TS","24.53","121.55","50","985","55","50","985","58","980","60","980"
"KAI-TAK","2000185N15117","WP","09:00:00","TS","25.43","121.45","45","990","55","45","990","58","980","60","980"
"KAI-TAK","2000185N15117","WP","12:00:00","TS","26.30","121.33","45","990","55","45","990","58","980","60","980"
"KAI-TAK","2000185N15117","WP","15:00:00","TS","27.12","121.32","","","55","42","990","58","980","60","980"
"KAI-TAK","2000185N15117","WP","18:00:00","TS","28.00","121.38","40","990","55","40","990","58","980","60","980"
"KAI-TAK","2000185N15117","WP","21:00:00","TS","29.05","121.42","","","50","40","991","53","982","60","980"
"KAI-TAK","2000185N15117","WP","2000-07-10 00:00:00","TS","30.17","121.53","40","992","45","40","992","48","985","60","980"
"KAI-TAK","2000185N15117","WP","03:00:00","TS","31.26","121.73","","","45","37","993","46","987","55","982"
"KAI-TAK","2000185N15117","WP","06:00:00","TS","32.33","122.00","35","994","45","35","994","44","990","50","985"
"KAI-TAK","2000185N15117","WP","09:00:00","TS","33.31","122.33","","","37","35","994","41","991","45","987"
"KAI-TAK","2000185N15117","WP","12:00:00","TS","34.30","122.65","35","994","30","35","994","38","992","40","990"
"KAI-TAK","2000185N15117","WP","15:00:00","TS","35.39","122.87","","","30","","994","36","992","35","992"
"KAI-TAK","2000185N15117","WP","18:00:00","MX","36.49","123.07","","994","30","","994","34","992","30","994"
"KAI-TAK","2000185N15117","WP","21:00:00","MX","37.45","123.30","","","27","","994","34","992","30","994"
"KAI-TAK","2000185N15117","WP","2000-07-11 00:00:00","MX","38.31","123.52","","994","25","","994","34","992","30","994"
"KAI-TAK","2000185N15117","WP","03:00:00","MX","39.16","123.62","","","","","995","34","992","",""
"KAI-TAK","2000185N15117","WP","06:00:00","MX","39.91","123.94","","996","","","996","34","992","",""
"KAI-TAK","2000185N15117","WP","09:00:00","MX","40.58","124.55","","","","","996","28","995","",""
"KAI-TAK","2000185N15117","WP","12:00:00","MX","41.16","125.42","","996","","","996","23","998","",""
"KAI-TAK","2000185N15117","WP","15:00:00","ET","41.63","126.54","","","","","996","","","",""
"KAI-TAK","2000185N15117","WP","18:00:00","ET","42.00","127.90","","996","","","996","","","",""
"KAI-TAK","2000185N15117","WP","21:00:00","ET","42.39","129.37","","","","","996","","","",""
"KAI-TAK","2000185N15117","WP","2000-07-12 00:00:00","ET","42.80","130.90","","996","","","996","","","",""
"NOT_NAMED","2000193N10131","WP","2000-07-10 18:00:00","TS","9.50","131.40","20","","","",""
"NOT_NAMED","2000193N10131","WP","21:00:00","TS","9.63","131.03","20","","","",""
"NOT_NAMED","2000193N10131","WP","2000-07-11 00:00:00","TS","9.90","130.70","20","","","",""
"NOT_NAMED","2000193N10131","WP","03:00:00","TS","10.40","130.40","20","","","",""
"NOT_NAMED","2000193N10131","WP","06:00:00","TS","11.10","130.20","20","29","1004","",""
"NOT_NAMED","2000193N10131","WP","09:00:00","TS","11.62","129.67","22","29","1004","",""
"NOT_NAMED","2000193N10131","WP","12:00:00","TS","12.06","129.20","25","29","1004","",""
"NOT_NAMED","2000193N10131","WP","15:00:00","TS","12.44","129.01","25","29","1004","",""
"NOT_NAMED","2000193N10131","WP","18:00:00","TS","12.80","128.80","25","29","1004","",""
"NOT_NAMED","2000193N10131","WP","21:00:00","TS","13.09","128.49","25","29","1004","",""
"NOT_NAMED","2000193N10131","WP","2000-07-12 00:00:00","TS","13.35","128.15","25","29","1004","",""
"NOT_NAMED","2000193N10131","WP","03:00:00","TS","13.60","127.84","25","26","1004","",""
"NOT_NAMED","2000193N10131","WP","06:00:00","TS","13.85","127.50","25","23","1004","",""
"NOT_NAMED","2000193N10131","WP","09:00:00","TS","14.15","127.10","25","23","1004","",""
"NOT_NAMED","2000193N10131","WP","12:00:00","TS","14.45","126.65","25","23","1004","",""
"NOT_NAMED","2000193N10131","WP","15:00:00","TS","14.69","126.17","25","23","1004","",""
"NOT_NAMED","2000193N10131","WP","18:00:00","TS","14.90","125.65","25","23","1004","",""
"NOT_NAMED","2000193N10131","WP","21:00:00","TS","15.14","125.08","25","23","1004","",""
"NOT_NAMED","2000193N10131","WP","2000-07-13 00:00:00","TS","15.35","124.55","25","23","1004","",""
"NOT_NAMED","2000193N10131","WP","03:00:00","TS","15.47","124.15","25","23","1003","",""
"NOT_NAMED","2000193N10131","WP","06:00:00","TS","15.55","123.80","25","23","1002","",""
"NOT_NAMED","2000193N10131","WP","09:00:00","TS","15.63","123.47","25","23","1001","",""
"NOT_NAMED","2000193N10131","WP","12:00:00","TS","15.73","123.10","25","23","1000","",""
"NOT_NAMED","2000193N10131","WP","15:00:00","TS","15.83","122.72","","23","999","",""
"NOT_NAMED","2000193N10131","WP","18:00:00","TS","16.00","122.00","","23","999","",""
"NOT_NAMED","2000193N10131","WP","21:00:00","TS","16.24","120.58","","23","999","",""
"NOT_NAMED","2000193N10131","WP","2000-07-14 00:00:00","TS","16.50","119.20","","23","999","",""
"NOT_NAMED","2000193N10131","WP","03:00:00","TS","16.73","118.64","","23","998","",""
"NOT_NAMED","2000193N10131","WP","06:00:00","TS","16.72","117.90","20","23","998","",""
"NOT_NAMED","2000193N10131","WP","09:00:00","TS","16.67","117.10","20","26","998","",""
"NOT_NAMED","2000193N10131","WP","12:00:00","TS","16.61","116.44","20","29","998","",""
"NOT_NAMED","2000193N10131","WP","15:00:00","TS","16.58","115.96","22","29","998","",""
"NOT_NAMED","2000193N10131","WP","18:00:00","TS","16.60","115.60","25","29","998","",""
"NOT_NAMED","2000193N10131","WP","21:00:00","TS","16.62","115.26","25","29","997","",""
"NOT_NAMED","2000193N10131","WP","2000-07-15 00:00:00","TS","16.65","114.90","25","29","997","",""
"NOT_NAMED","2000193N10131","WP","03:00:00","TS","16.70","114.45","25","29","997","",""
"NOT_NAMED","2000193N10131","WP","06:00:00","TS","16.79","114.04","25","29","997","25","996"
"NOT_NAMED","2000193N10131","WP","09:00:00","TS","16.97","113.69","25","29","997","25","996"
"NOT_NAMED","2000193N10131","WP","12:00:00","TS","17.23","113.34","25","29","997","25","996"
"NOT_NAMED","2000193N10131","WP","15:00:00","TS","17.54","112.96","25","29","997","25","996"
"NOT_NAMED","2000193N10131","WP","18:00:00","TS","17.87","112.63","25","29","997","25","996"
"NOT_NAMED","2000193N10131","WP","21:00:00","TS","18.17","112.35","25","29","997","25","996"
"NOT_NAMED","2000193N10131","WP","2000-07-16 00:00:00","TS","18.47","112.13","25","29","997","25","996"
"NOT_NAMED","2000193N10131","WP","03:00:00","TS","18.76","111.98","25","29","997","25","996"
"NOT_NAMED","2000193N10131","WP","06:00:00","TS","19.07","111.95","25","29","997","25","996"
"NOT_NAMED","2000193N10131","WP","09:00:00","TS","19.39","111.93","25","29","997","25","996"
"NOT_NAMED","2000193N10131","WP","12:00:00","TS","19.73","111.93","25","29","997","25","996"
"NOT_NAMED","2000193N10131","WP","15:00:00","TS","20.10","111.95","25","29","997","",""
"NOT_NAMED","2000193N10131","WP","18:00:00","TS","20.45","111.85","25","29","997","",""
"NOT_NAMED","2000193N10131","WP","21:00:00","TS","20.77","111.87","25","29","996","",""
"NOT_NAMED","2000193N10131","WP","2000-07-17 00:00:00","TS","21.10","111.95","25","29","996","",""
"NOT_NAMED","2000193N10131","WP","03:00:00","TS","21.49","112.06","25","29","995","",""
"NOT_NAMED","2000193N10131","WP","06:00:00","TS","21.84","112.11","25","29","995","",""
"NOT_NAMED","2000193N10131","WP","09:00:00","TS","22.03","111.94","25","26","995","",""
"NOT_NAMED","2000193N10131","WP","12:00:00","TS","22.12","111.48","25","23","996","",""
"NOT_NAMED","2000193N10131","WP","15:00:00","TS","22.27","110.66","","21","997","",""
"NOT_NAMED","2000193N10131","WP","18:00:00","TS","22.50","110.00","","19","998","",""
"NOT_NAMED","2000193N10131","WP","21:00:00","TS","22.52","109.59","","19","998","",""
"NOT_NAMED","2000193N10131","WP","2000-07-18 00:00:00","TS","22.40","109.00","","19","998","",""
"NOT_NAMED","2000193N10131","WP","03:00:00","TS","22.23","107.76","","19","998","",""
"NOT_NAMED","2000193N10131","WP","06:00:00","TS","22.00","106.50","","19","998","",""
"NOT_NAMED","2000193N10131","WP","09:00:00","TS","21.71","105.59","","19","998","",""
"NOT_NAMED","2000193N10131","WP","12:00:00","TS","21.50","105.30","","19","998","",""
"NOT_NAMED","2000193N10131","WP","15:00:00","TS","21.56","105.98","","19","998","",""
"NOT_NAMED","2000193N10131","WP","18:00:00","TS","21.60","107.00","","19","998","",""
"NOT_NAMED","2000193N10131","WP","21:00:00","TS","21.28","107.61","","19","998","",""
"NOT_NAMED","2000193N10131","WP","2000-07-19 00:00:00","TS","21.00","108.00","","19","998","",""
"NOT_NAMED","2000193N10131","WP","03:00:00","TS","21.24","108.37","","19","998","",""
"NOT_NAMED","2000193N10131","WP","06:00:00","TS","21.40","108.30","","19","998","",""
"NOT_NAMED","2000193N10131","WP","09:00:00","TS","20.90","107.32","","19","998","",""
"NOT_NAMED","2000193N10131","WP","12:00:00","TS","20.30","106.40","","19","998","",""
"NOT_NAMED","2000193N10131","WP","15:00:00","TS","20.10","106.53","","21","997","",""
"NOT_NAMED","2000193N10131","WP","18:00:00","TS","20.10","107.00","","23","997","",""
"NOT_NAMED","2000193N10131","WP","21:00:00","TS","20.18","107.28","","26","997","",""
"NOT_NAMED","2000193N10131","WP","2000-07-20 00:00:00","TS","20.30","107.40","","29","997","",""
"KAEMI","2000232N12116","WP","2000-08-18 12:00:00","TS","12.10","116.00","","","25","","","","","",""
"KAEMI","2000232N12116","WP","15:00:00","TS","12.15","115.93","","","25","","","","","",""
"KAEMI","2000232N12116","WP","18:00:00","TS","12.20","115.80","","","25","","","","","",""
"KAEMI","2000232N12116","WP","21:00:00","TS","12.26","115.56","","","25","","","","","",""
"KAEMI","2000232N12116","WP","2000-08-19 00:00:00","TS","12.30","115.30","","","25","","","","","",""
"KAEMI","2000232N12116","WP","03:00:00","TS","12.30","115.14","","","22","","","","","",""
"KAEMI","2000232N12116","WP","06:00:00","TS","12.30","115.00","","","20","","","","","",""
"KAEMI","2000232N12116","WP","09:00:00","TS","12.34","114.82","","","20","","","","","",""
"KAEMI","2000232N12116","WP","12:00:00","TS","12.60","114.42","","1000","20","","1000","","","",""
"KAEMI","2000232N12116","WP","15:00:00","TS","12.75","114.31","","","20","","999","","","",""
"KAEMI","2000232N12116","WP","18:00:00","TS","12.89","114.27","","998","20","","998","","","",""
"KAEMI","2000232N12116","WP","21:00:00","TS","13.04","114.14","","","20","","997","","","",""
"KAEMI","2000232N12116","WP","2000-08-20 00:00:00","TS","13.09","113.87","","996","20","","996","","","25","994"
"KAEMI","2000232N12116","WP","03:00:00","TS","13.04","113.57","","","22","","996","","","25","994"
"KAEMI","2000232N12116","WP","06:00:00","TS","13.05","113.31","","996","25","","996","","","25","994"
"KAEMI","2000232N12116","WP","09:00:00","TS","13.25","113.15","","","25","","996","","","25","994"
"KAEMI","2000232N12116","WP","12:00:00","TS","13.47","113.00","","996","25","","996","","","25","994"
"KAEMI","2000232N12116","WP","15:00:00","TS","13.59","112.85","","","25","","996","","","25","994"
"KAEMI","2000232N12116","WP","18:00:00","TS","13.73","112.70","","996","25","","996","","","25","994"
"KAEMI","2000232N12116","WP","21:00:00","TS","13.98","112.57","","","25","","995","","","27","993"
"KAEMI","2000232N12116","WP","2000-08-21 00:00:00","TS","14.27","112.40","","994","25","","994","","","30","992"
"KAEMI","2000232N12116","WP","03:00:00","TS","14.55","112.12","","","27","","993","","","32","991"
"KAEMI","2000232N12116","WP","06:00:00","TS","14.81","111.82","","992","30","","992","29","997","35","990"
"KAEMI","2000232N12116","WP","09:00:00","TS","15.00","111.58","","","32","","988","36","993","37","989"
"KAEMI","2000232N12116","WP","12:00:00","TS","15.13","111.24","40","985","35","40","985","44","990","40","988"
"KAEMI","2000232N12116","WP","15:00:00","TS","15.18","110.69","","","37","40","985","44","990","42","986"
"KAEMI","2000232N12116","WP","18:00:00","TS","15.23","110.10","40","985","40","40","985","44","990","45","985"
"KAEMI","2000232N12116","WP","21:00:00","TS","15.33","109.70","","","42","40","985","44","990","45","985"
"KAEMI","2000232N12116","WP","2000-08-22 00:00:00","TS","15.50","109.33","40","985","45","40","985","44","990","45","985"
"KAEMI","2000232N12116","WP","03:00:00","TS","15.82","108.89","","","45","37","985","44","990","45","985"
"KAEMI","2000232N12116","WP","06:00:00","TS","16.08","108.40","35","985","45","35","985","44","990","45","985"
"KAEMI","2000232N12116","WP","09:00:00","TS","16.01","107.79","","","40","","988","41","991","42","987"
"KAEMI","2000232N12116","WP","12:00:00","TS","15.91","107.21","","992","35","","992","38","992","40","990"
"KAEMI","2000232N12116","WP","15:00:00","TS","16.01","106.80","","","32","","993","36","993","35","992"
"KAEMI","2000232N12116","WP","18:00:00","TS","16.16","106.49","","994","30","","994","34","995","30","994"
"KAEMI","2000232N12116","WP","21:00:00","TS","16.25","106.22","","","27","","995","","","",""
"KAEMI","2000232N12116","WP","2000-08-23 00:00:00","TS","16.34","105.88","","996","25","","996","","","",""
"KAEMI","2000232N12116","WP","03:00:00","TS","16.44","105.59","","","","","997","","","",""
"KAEMI","2000232N12116","WP","06:00:00","TS","16.50","105.40","","998","","","998","","","",""
"KAEMI","2000232N12116","WP","09:00:00","TS","16.41","105.18","","","","","998","","","",""
"KAEMI","2000232N12116","WP","12:00:00","TS","16.30","104.90","","998","","","998","","","",""
"KAEMI","2000232N12116","WP","15:00:00","TS","16.31","104.53","","","","","999","","","",""
"KAEMI","2000232N12116","WP","18:00:00","TS","16.40","104.10","","1000","","","1000","","","",""
"MARIA","2000240N22115","WP","2000-08-27 06:00:00","TS","21.60","115.00","","1000","","","1000","","","",""
"MARIA","2000240N22115","WP","09:00:00","TS","21.43","115.09","","","","","1000","","","",""
"MARIA","2000240N22115","WP","12:00:00","TS","21.35","115.15","","1000","20","","1000","","","",""
"MARIA","2000240N22115","WP","15:00:00","TS","21.30","115.25","","","20","","1000","","","",""
"MARIA","2000240N22115","WP","18:00:00","TS","21.24","115.46","","1000","20","","1000","","","30","996"
"MARIA","2000240N22115","WP","21:00:00","TS","21.20","115.62","","","22","","1000","","","30","996"
"MARIA","2000240N22115","WP","2000-08-28 00:00:00","TS","21.12","115.72","","1000","25","","1000","","","30","996"
"MARIA","2000240N22115","WP","03:00:00","TS","20.98","115.68","","","25","","999","","","30","996"
"MARIA","2000240N22115","WP","06:00:00","TS","20.80","115.57","","998","25","","998","","","30","996"
"MARIA","2000240N22115","WP","09:00:00","TS","20.57","115.45","","","25","","997","","","30","996"
"MARIA","2000240N22115","WP","12:00:00","TS","20.30","115.33","35","996","25","35","996","","","30","996"
"MARIA","2000240N22115","WP","15:00:00","TS","20.05","115.24","","","30","35","994","","","30","996"
"MARIA","2000240N22115","WP","18:00:00","TS","19.80","115.20","35","992","35","35","992","","","30","996"
"MARIA","2000240N22115","WP","21:00:00","TS","19.53","115.24","","","35","35","992","","","30","996"
"MARIA","2000240N22115","WP","2000-08-29 00:00:00","TS","19.23","115.35","35","992","35","35","992","29","1000","30","996"
"MARIA","2000240N22115","WP","03:00:00","TS","18.97","115.47","","","35","35","992","31","998","32","995"
"MARIA","2000240N22115","WP","06:00:00","TS","18.77","115.58","35","992","35","35","992","34","997","35","994"
"MARIA","2000240N22115","WP","09:00:00","TS","18.68","115.67","","","35","35","991","34","997","37","992"
"MARIA","2000240N22115","WP","12:00:00","TS","18.62","115.73","35","990","35","35","990","34","997","40","990"
"MARIA","2000240N22115","WP","15:00:00","TS","18.58","115.70","","","37","35","990","34","997","40","990"
"MARIA","2000240N22115","WP","18:00:00","TS","18.55","115.65","35","990","40","35","990","34","997","40","990"
"MARIA","2000240N22115","WP","21:00:00","TS","18.52","115.64","","","42","35","990","34","997","40","990"
"MARIA","2000240N22115","WP","2000-08-30 00:00:00","TS","18.50","115.65","35","990","45","35","990","34","997","40","990"
"MARIA","2000240N22115","WP","03:00:00","TS","18.48","115.66","","","42","35","990","34","997","40","990"
"MARIA","2000240N22115","WP","06:00:00","TS","18.55","115.73","35","990","40","35","990","34","997","40","990"
"MARIA","2000240N22115","WP","09:00:00","TS","18.80","115.91","","","37","35","990","34","997","40","990"
"MARIA","2000240N22115","WP","12:00:00","TS","19.10","116.10","35","990","35","35","990","34","997","40","990"
"MARIA","2000240N22115","WP","15:00:00","TS","19.31","116.19","","","37","35","990","36","993","40","990"
"MARIA","2000240N22115","WP","18:00:00","TS","19.55","116.20","35","990","40","35","990","38","990","40","990"
"MARIA","2000240N22115","WP","21:00:00","TS","19.89","116.17","","","42","37","987","38","990","40","990"
"MARIA","2000240N22115","WP","2000-08-31 00:00:00","TS","20.25","116.08","40","985","45","40","985","38","990","40","990"
"MARIA","2000240N22115","WP","03:00:00","TS","20.58","115.91","","","47","40","985","41","987","42","987"
"MARIA","2000240N22115","WP","06:00:00","TS","20.90","115.73","40","985","50","40","985","44","985","45","985"
"MARIA","2000240N22115","WP","09:00:00","TS","21.24","115.62","","","52","40","985","46","985","47","982"
"MARIA","2000240N22115","WP","12:00:00","TS","21.60","115.53","40","985","55","40","985","48","985","50","980"
"MARIA","2000240N22115","WP","15:00:00","TS","21.99","115.39","","","55","40","985","51","982","50","980"
"MARIA","2000240N22115","WP","18:00:00","TS","22.40","115.20","40","985","55","40","985","54","980","50","980"
"MARIA","2000240N22115","WP","21:00:00","TS","22.82","114.88","","","47","37","987","51","982","47","982"
"MARIA","2000240N22115","WP","2000-09-01 00:00:00","TS","23.28","114.58","35","990","40","35","990","48","985","45","985"
"MARIA","2000240N22115","WP","03:00:00","TS","23.76","114.39","","","37","","990","41","987","40","987"
"MARIA","2000240N22115","WP","06:00:00","TS","24.28","114.29","","990","35","","990","34","990","35","990"
"MARIA","2000240N22115","WP","09:00:00","TS","24.79","114.26","","","32","","993","31","994","32","993"
"MARIA","2000240N22115","WP","12:00:00","TS","25.34","114.26","","996","30","","996","29","998","30","996"
"MARIA","2000240N22115","WP","15:00:00","TS","26.03","114.12","","","27","","997","26","998","",""
"MARIA","2000240N22115","WP","18:00:00","TS","26.72","113.98","","998","25","","998","23","998","",""
"MARIA","2000240N22115","WP","21:00:00","TS","27.19","113.93","","","","","999","23","999","",""
"MARIA","2000240N22115","WP","2000-09-02 00:00:00","TS","27.50","113.83","","1000","","","1000","23","1000","",""
"MARIA","2000240N22115","WP","03:00:00","TS","27.99","113.73","","","","","1001","21","1000","",""
"MARIA","2000240N22115","WP","06:00:00","TS","28.58","113.52","","1002","","","1002","19","1000","",""
"MARIA","2000240N22115","WP","09:00:00","TS","29.17","112.99","","","","","1002","","","",""
"MARIA","2000240N22115","WP","12:00:00","TS","29.50","112.50","","1002","","","1002","","","",""
"MARIA","2000240N22115","WP","15:00:00","TS","29.69","112.07","","","","","1003","","","",""
"MARIA","2000240N22115","WP","18:00:00","TS","29.80","111.70","","1004","","","1004","","","",""
"WUKONG","2000248N17117","WP","2000-09-04 06:00:00","TS","16.60","117.20","","1000","","","1000","","","",""
"WUKONG","2000248N17117","WP","09:00:00","TS","16.67","116.87","","","","","1000","","","",""
"WUKONG","2000248N17117","WP","12:00:00","TS","16.70","116.60","","1000","","","1000","","","",""
"WUKONG","2000248N17117","WP","15:00:00","TS","16.67","116.44","","","","","1000","","","",""
"WUKONG","2000248N17117","WP","18:00:00","TS","16.66","116.50","","1000","20","","1000","","","",""
"WUKONG","2000248N17117","WP","21:00:00","TS","16.60","116.61","","","22","","1000","","","",""
"WUKONG","2000248N17117","WP","2000-09-05 00:00:00","TS","16.57","116.73","","1000","25","","1000","","","",""
"WUKONG","2000248N17117","WP","03:00:00","TS","16.60","116.81","","","25","","999","","","",""
"WUKONG","2000248N17117","WP","06:00:00","TS","16.68","116.91","","998","25","","998","","","25","1000"
"WUKONG","2000248N17117","WP","09:00:00","TS","16.79","117.04","","","25","","997","","","25","1000"
"WUKONG","2000248N17117","WP","12:00:00","TS","16.95","117.19","","996","25","","996","","","25","1000"
"WUKONG","2000248N17117","WP","15:00:00","TS","17.11","117.38","","","25","","995","","","27","997"
"WUKONG","2000248N17117","WP","18:00:00","TS","17.28","117.54","","994","25","","994","29","998","30","994"
"WUKONG","2000248N17117","WP","21:00:00","TS","17.54","117.63","","","27","","993","31","996","30","994"
"WUKONG","2000248N17117","WP","2000-09-06 00:00:00","TS","17.83","117.65","35","992","30","35","992","34","995","30","994"
"WUKONG","2000248N17117","WP","03:00:00","TS","18.08","117.63","","","32","37","991","36","995","32","993"
"WUKONG","2000248N17117","WP","06:00:00","TS","18.30","117.53","40","990","35","40","990","38","995","35","992"
"WUKONG","2000248N17117","WP","09:00:00","TS","18.52","117.34","","","35","45","987","43","990","37","991"
"WUKONG","2000248N17117","WP","12:00:00","TS","18.70","117.10","50","985","35","50","985","48","985","40","990"
"WUKONG","2000248N17117","WP","15:00:00","TS","18.84","116.85","","","37","50","985","48","985","45","987"
"WUKONG","2000248N17117","WP","18:00:00","TS","18.93","116.58","50","985","40","50","985","48","985","50","985"
"WUKONG","2000248N17117","WP","21:00:00","TS","18.95","116.28","","","52","52","982","53","982","55","982"
"WUKONG","2000248N17117","WP","2000-09-07 00:00:00","TS","18.95","116.00","55","980","65","55","980","58","980","60","980"
"WUKONG","2000248N17117","WP","03:00:00","TS","18.96","115.79","","","65","55","980","61","977","62","977"
"WUKONG","2000248N17117","WP","06:00:00","TS","18.98","115.60","55","980","65","55","980","64","975","65","975"
"WUKONG","2000248N17117","WP","09:00:00","TS","19.01","115.41","","","65","57","977","64","975","65","975"
"WUKONG","2000248N17117","WP","12:00:00","TS","19.02","115.20","60","975","65","60","975","64","975","65","975"
"WUKONG","2000248N17117","WP","15:00:00","TS","19.01","114.98","","","65","62","972","64","975","65","972"
"WUKONG","2000248N17117","WP","18:00:00","TS","18.97","114.72","65","970","65","65","970","64","975","65","970"
"WUKONG","2000248N17117","WP","21:00:00","TS","18.93","114.46","","","70","67","965","66","972","67","967"
"WUKONG","2000248N17117","WP","2000-09-08 00:00:00","TS","18.88","114.15","70","960","75","70","960","68","970","70","965"
"WUKONG","2000248N17117","WP","03:00:00","TS","18.82","113.82","","","82","72","957","68","970","70","965"
"WUKONG","2000248N17117","WP","06:00:00","TS","18.77","113.43","75","955","90","75","955","68","970","70","965"
"WUKONG","2000248N17117","WP","09:00:00","TS","18.76","112.96","","","90","75","955","68","970","70","965"
"WUKONG","2000248N17117","WP","12:00:00","TS","18.73","112.48","75","955","90","75","955","68","970","70","965"
"WUKONG","2000248N17117","WP","15:00:00","TS","18.62","112.03","","","90","72","957","68","970","67","967"
"WUKONG","2000248N17117","WP","18:00:00","TS","18.50","111.58","70","960","90","70","960","68","970","65","970"
"WUKONG","2000248N17117","WP","21:00:00","TS","18.45","111.08","","","92","70","960","72","965","65","970"
"WUKONG","2000248N17117","WP","2000-09-09 00:00:00","TS","18.40","110.58","70","960","95","70","960","77","960","65","970"
"WUKONG","2000248N17117","WP","03:00:00","TS","18.29","110.11","","","85","65","965","70","967","65","970"
"WUKONG","2000248N17117","WP","06:00:00","TS","18.20","109.68","60","970","75","60","970","64","975","65","970"
"WUKONG","2000248N17117","WP","09:00:00","TS","18.21","109.27","","","70","57","972","61","977","62","972"
"WUKONG","2000248N17117","WP","12:00:00","TS","18.27","108.88","55","975","65","55","975","58","980","60","975"
"WUKONG","2000248N17117","WP","15:00:00","TS","18.38","108.51","","","65","52","977","53","982","57","977"
"WUKONG","2000248N17117","WP","18:00:00","TS","18.45","108.10","50","980","65","50","980","48","985","55","980"
"WUKONG","2000248N17117","WP","21:00:00","TS","18.42","107.59","","","62","50","982","48","985","52","982"
"WUKONG","2000248N17117","WP","2000-09-10 00:00:00","TS","18.33","107.03","50","985","60","50","985","48","985","50","985"
"WUKONG","2000248N17117","WP","03:00:00","TS","18.23","106.45","","","52","47","987","46","987","47","985"
"WUKONG","2000248N17117","WP","06:00:00","TS","18.11","105.83","45","990","45","45","990","44","990","45","985"
"WUKONG","2000248N17117","WP","09:00:00","TS","18.01","105.13","","","35","","993","39","992","40","987"
"WUKONG","2000248N17117","WP","12:00:00","TS","17.95","104.37","","996","25","","996","34","995","35","990"
"WUKONG","2000248N17117","WP","15:00:00","TS","17.91","103.23","","","","","998","","","",""
"WUKONG","2000248N17117","WP","18:00:00","TS","17.90","102.50","","1000","","","1000","","","",""
"NOT_NAMED","2000281N11111","WP","2000-10-06 18:00:00","TS","10.80","110.50","30","","","",""
"NOT_NAMED","2000281N11111","WP","21:00:00","TS","10.74","110.60","30","","","",""
"NOT_NAMED","2000281N11111","WP","2000-10-07 00:00:00","TS","10.67","110.65","30","29","1002","",""
"NOT_NAMED","2000281N11111","WP","03:00:00","TS","10.70","110.76","30","29","1002","",""
"NOT_NAMED","2000281N11111","WP","06:00:00","TS","10.81","110.94","30","29","1002","30","998"
"NOT_NAMED","2000281N11111","WP","09:00:00","TS","10.84","111.10","30","29","1002","30","998"
"NOT_NAMED","2000281N11111","WP","12:00:00","TS","10.85","111.25","30","29","1002","30","998"
"NOT_NAMED","2000281N11111","WP","15:00:00","TS","10.86","111.40","30","29","1001","30","998"
"NOT_NAMED","2000281N11111","WP","18:00:00","TS","10.87","111.53","30","29","1000","30","998"
"NOT_NAMED","2000281N11111","WP","21:00:00","TS","10.89","111.65","30","29","1000","30","998"
"NOT_NAMED","2000281N11111","WP","2000-10-08 00:00:00","TS","10.93","111.77","30","29","1000","30","998"
"NOT_NAMED","2000281N11111","WP","03:00:00","TS","10.98","111.91","32","33","998","30","998"
"NOT_NAMED","2000281N11111","WP","06:00:00","TS","11.03","112.07","35","38","997","30","998"
"NOT_NAMED","2000281N11111","WP","09:00:00","TS","11.10","112.22","35","38","997","30","998"
"NOT_NAMED","2000281N11111","WP","12:00:00","TS","11.20","112.33","35","38","997","30","998"
"NOT_NAMED","2000281N11111","WP","15:00:00","TS","11.32","112.36","37","38","997","30","998"
"NOT_NAMED","2000281N11111","WP","18:00:00","TS","11.47","112.30","40","38","997","30","998"
"NOT_NAMED","2000281N11111","WP","21:00:00","TS","11.65","112.18","40","38","997","30","998"
"NOT_NAMED","2000281N11111","WP","2000-10-09 00:00:00","TS","11.87","112.03","40","38","997","30","998"
"NOT_NAMED","2000281N11111","WP","03:00:00","TS","12.10","111.91","40","36","997","30","998"
"NOT_NAMED","2000281N11111","WP","06:00:00","TS","12.33","111.77","40","34","998","30","998"
"NOT_NAMED","2000281N11111","WP","09:00:00","TS","12.54","111.55","40","34","998","30","998"
"NOT_NAMED","2000281N11111","WP","12:00:00","TS","12.70","111.30","40","34","998","30","998"
"NOT_NAMED","2000281N11111","WP","15:00:00","TS","12.82","111.03","40","34","998","30","998"
"NOT_NAMED","2000281N11111","WP","18:00:00","TS","12.90","110.77","40","34","998","30","998"
"NOT_NAMED","2000281N11111","WP","21:00:00","TS","12.93","110.54","35","31","999","30","998"
"NOT_NAMED","2000281N11111","WP","2000-10-10 00:00:00","TS","12.97","110.40","30","29","1000","30","998"
"NOT_NAMED","2000281N11111","WP","03:00:00","TS","13.08","110.41","30","29","1000","30","998"
"NOT_NAMED","2000281N11111","WP","06:00:00","TS","13.20","110.50","30","29","1000","30","998"
"NOT_NAMED","2000281N11111","WP","09:00:00","TS","13.27","110.58","27","29","1000","30","998"
"NOT_NAMED","2000281N11111","WP","12:00:00","TS","13.33","110.67","25","29","1000","30","998"
"NOT_NAMED","2000281N11111","WP","15:00:00","TS","13.41","110.73","25","26","1001","30","998"
"NOT_NAMED","2000281N11111","WP","18:00:00","TS","13.50","110.80","25","23","1002","30","998"
"NOT_NAMED","2000281N11111","WP","21:00:00","TS","13.61","110.91","25","23","1002","30","998"
"NOT_NAMED","2000281N11111","WP","2000-10-11 00:00:00","TS","13.73","111.07","25","23","1002","30","998"
"NOT_NAMED","2000281N11111","WP","03:00:00","TS","13.83","111.27","25","23","1002","30","998"
"NOT_NAMED","2000281N11111","WP","06:00:00","TS","13.93","111.47","25","23","1002","30","998"
"NOT_NAMED","2000281N11111","WP","09:00:00","TS","14.08","111.61","25","23","1002","30","998"
"NOT_NAMED","2000281N11111","WP","12:00:00","TS","14.23","111.73","25","23","1002","30","998"
"NOT_NAMED","2000281N11111","WP","15:00:00","TS","14.34","111.86","25","23","1002","30","998"
"NOT_NAMED","2000281N11111","WP","18:00:00","TS","14.47","112.00","25","23","1002","30","998"
"NOT_NAMED","2000281N11111","WP","21:00:00","TS","14.64","112.18","27","26","1001","30","998"
"NOT_NAMED","2000281N11111","WP","2000-10-12 00:00:00","TS","14.86","112.35","30","29","1000","30","998"
"NOT_NAMED","2000281N11111","WP","03:00:00","TS","15.11","112.46","30","29","999","30","998"
"NOT_NAMED","2000281N11111","WP","06:00:00","TS","15.39","112.54","30","29","998","30","998"
"NOT_NAMED","2000281N11111","WP","09:00:00","TS","15.73","112.61","30","","","30","998"
"NOT_NAMED","2000281N11111","WP","12:00:00","TS","16.15","112.70","30","","","30","998"
"NOT_NAMED","2000281N11111","WP","15:00:00","TS","16.55","112.77","30","","","30","998"
"NOT_NAMED","2000281N11111","WP","18:00:00","TS","16.90","112.75","30","","","30","998"
"NOT_NAMED","2000281N11111","WP","21:00:00","TS","17.19","112.61","32","","","30","998"
"NOT_NAMED","2000281N11111","WP","2000-10-13 00:00:00","TS","17.40","112.35","35","","","30","998"
"NOT_NAMED","2000281N11111","WP","03:00:00","TS","17.53","112.01","35","","","30","998"
"NOT_NAMED","2000281N11111","WP","06:00:00","TS","17.60","111.65","35","","","30","998"
"NOT_NAMED","2000281N11111","WP","09:00:00","TS","17.64","111.33","30","","","30","998"
"NOT_NAMED","2000281N11111","WP","12:00:00","TS","17.64","111.06","25","","","30","998"
"NOT_NAMED","2000281N11111","WP","15:00:00","TS","17.60","110.83","22","","","30","998"
"NOT_NAMED","2000281N11111","WP","18:00:00","TS","17.54","110.66","20","","","30","998"
"NOT_NAMED","2000281N11111","WP","21:00:00","TS","17.50","110.55","20","","","",""
"NOT_NAMED","2000281N11111","WP","2000-10-14 00:00:00","TS","17.50","110.40","20","","","",""
"NOT_NAMED","2000281N11111","WP","03:00:00","TS","17.45","110.20","20","","","",""
"NOT_NAMED","2000281N11111","WP","06:00:00","TS","17.40","110.00","20","","","",""
"NOT_NAMED","2000281N11111","WP","09:00:00","TS","17.39","109.84","20","","","",""
"NOT_NAMED","2000281N11111","WP","12:00:00","TS","17.40","109.70","20","","","",""
"NOT_NAMED","2000281N11111","WP","15:00:00","TS","17.40","109.59","20","","","",""
"NOT_NAMED","2000281N11111","WP","18:00:00","TS","17.40","109.50","20","","","",""
"XANGSANE","2000299N08139","WP","2000-10-24 18:00:00","TS","8.30","139.30","","1008","","","1008","","","",""
"XANGSANE","2000299N08139","WP","21:00:00","TS","8.27","138.69","","","","","1008","","","",""
"XANGSANE","2000299N08139","WP","2000-10-25 00:00:00","TS","8.40","138.10","","1008","","","1008","","","",""
"XANGSANE","2000299N08139","WP","03:00:00","TS","8.76","137.52","","","","","1006","","","",""
"XANGSANE","2000299N08139","WP","06:00:00","TS","9.00","136.96","","1004","20","","1004","","","",""
"XANGSANE","2000299N08139","WP","09:00:00","TS","9.03","136.32","","","25","","1004","","","",""
"XANGSANE","2000299N08139","WP","12:00:00","TS","9.06","135.66","","1004","30","","1004","","","",""
"XANGSANE","2000299N08139","WP","15:00:00","TS","9.14","134.96","","","30","","1004","","","",""
"XANGSANE","2000299N08139","WP","18:00:00","TS","9.30","134.25","","1004","30","","1004","","","",""
"XANGSANE","2000299N08139","WP","21:00:00","TS","9.59","133.70","","","30","","1004","","","",""
"XANGSANE","2000299N08139","WP","2000-10-26 00:00:00","TS","9.87","133.13","","1004","30","","1004","29","1002","30","1000"
"XANGSANE","2000299N08139","WP","03:00:00","TS","10.05","132.26","","","32","","1001","31","1000","32","999"
"XANGSANE","2000299N08139","WP","06:00:00","TS","10.23","131.39","35","998","35","35","998","34","998","35","998"
"XANGSANE","2000299N08139","WP","09:00:00","TS","10.45","130.71","","","40","37","997","34","998","37","996"
"XANGSANE","2000299N08139","WP","12:00:00","TS","10.70","130.10","40","996","45","40","996","34","998","40","994"
"XANGSANE","2000299N08139","WP","15:00:00","TS","10.94","129.46","","","50","42","994","36","996","42","992"
"XANGSANE","2000299N08139","WP","18:00:00","TS","11.23","128.88","45","992","55","45","992","38","995","45","990"
"XANGSANE","2000299N08139","WP","21:00:00","TS","11.60","128.42","","","60","47","988","41","992","47","987"
"XANGSANE","2000299N08139","WP","2000-10-27 00:00:00","TS","11.98","127.90","50","985","65","50","985","44","990","50","985"
"XANGSANE","2000299N08139","WP","03:00:00","TS","12.24","127.06","","","65","52","982","46","987","52","982"
"XANGSANE","2000299N08139","WP","06:00:00","TS","12.50","126.18","55","980","65","55","980","48","985","55","980"
"XANGSANE","2000299N08139","WP","09:00:00","TS","12.89","125.50","","","67","57","977","53","982","57","977"
"XANGSANE","2000299N08139","WP","12:00:00","TS","13.25","124.90","60","975","70","60","975","58","980","60","975"
"XANGSANE","2000299N08139","WP","15:00:00","TS","13.48","124.26","","","72","60","975","58","980","60","975"
"XANGSANE","2000299N08139","WP","18:00:00","TS","13.62","123.63","60","975","75","60","975","58","980","60","975"
"XANGSANE","2000299N08139","WP","21:00:00","TS","13.71","122.98","","","70","57","977","58","980","60","975"
"XANGSANE","2000299N08139","WP","2000-10-28 00:00:00","TS","13.80","122.38","55","980","65","55","980","58","980","60","975"
"XANGSANE","2000299N08139","WP","03:00:00","TS","13.98","121.84","","","65","52","982","53","982","57","977"
"XANGSANE","2000299N08139","WP","06:00:00","TS","14.20","121.38","50","985","65","50","985","48","985","55","980"
"XANGSANE","2000299N08139","WP","09:00:00","TS","14.39","120.94","","","65","47","987","48","985","55","980"
"XANGSANE","2000299N08139","WP","12:00:00","TS","14.62","120.55","45","990","65","45","990","48","985","55","980"
"XANGSANE","2000299N08139","WP","15:00:00","TS","14.94","120.23","","","60","45","990","48","985","55","980"
"XANGSANE","2000299N08139","WP","18:00:00","TS","15.27","119.90","45","990","55","45","990","48","985","55","980"
"XANGSANE","2000299N08139","WP","21:00:00","TS","15.60","119.49","","","55","45","990","51","982","55","980"
"XANGSANE","2000299N08139","WP","2000-10-29 00:00:00","TS","15.83","119.05","45","990","55","45","990","54","980","55","980"
"XANGSANE","2000299N08139","WP","03:00:00","TS","15.88","118.61","","","55","47","987","54","980","55","980"
"XANGSANE","2000299N08139","WP","06:00:00","TS","15.88","118.25","50","985","55","50","985","54","980","55","980"
"XANGSANE","2000299N08139","WP","09:00:00","TS","15.94","118.05","","","55","52","982","54","980","55","980"
"XANGSANE","2000299N08139","WP","12:00:00","TS","16.03","117.98","55","980","55","55","980","54","980","55","980"
"XANGSANE","2000299N08139","WP","15:00:00","TS","16.08","117.93","","","60","57","977","56","980","57","977"
"XANGSANE","2000299N08139","WP","18:00:00","TS","16.15","117.98","60","975","65","60","975","58","980","60","975"
"XANGSANE","2000299N08139","WP","21:00:00","TS","16.29","118.08","","","77","65","970","63","977","62","972"
"XANGSANE","2000299N08139","WP","2000-10-30 00:00:00","TS","16.45","118.25","70","965","90","70","965","68","975","65","970"
"XANGSANE","2000299N08139","WP","03:00:00","TS","16.56","118.46","","","90","72","962","72","970","67","967"
"XANGSANE","2000299N08139","WP","06:00:00","TS","16.70","118.70","75","960","90","75","960","77","965","70","965"
"XANGSANE","2000299N08139","WP","09:00:00","TS","16.92","118.95","","","90","75","960","77","965","70","965"
"XANGSANE","2000299N08139","WP","12:00:00","TS","17.23","119.17","75","960","90","75","960","77","965","70","965"
"XANGSANE","2000299N08139","WP","15:00:00","TS","17.61","119.36","","","90","75","960","77","965","70","965"
"XANGSANE","2000299N08139","WP","18:00:00","TS","18.00","119.50","75","960","90","75","960","77","965","70","965"
"XANGSANE","2000299N08139","WP","21:00:00","TS","18.27","119.59","","","90","75","960","77","965","70","965"
"XANGSANE","2000299N08139","WP","2000-10-31 00:00:00","TS","18.57","119.70","75","960","90","75","960","77","965","70","965"
"XANGSANE","2000299N08139","WP","03:00:00","TS","19.03","119.91","","","90","75","960","77","965","70","965"
"XANGSANE","2000299N08139","WP","06:00:00","TS","19.60","120.15","75","960","90","75","960","77","965","70","965"
"XANGSANE","2000299N08139","WP","09:00:00","TS","20.21","120.33","","","90","75","960","77","965","70","965"
"XANGSANE","2000299N08139","WP","12:00:00","TS","20.90","120.55","75","960","90","75","960","77","965","70","965"
"XANGSANE","2000299N08139","WP","15:00:00","TS","21.63","120.86","","","87","72","962","72","967","70","965"
"XANGSANE","2000299N08139","WP","18:00:00","TS","22.43","121.23","70","965","85","70","965","68","970","70","965"
"XANGSANE","2000299N08139","WP","21:00:00","TS","23.28","121.61","","","82","65","970","66","972","67","967"
"XANGSANE","2000299N08139","WP","2000-11-01 00:00:00","TS","24.20","122.03","60","975","80","60","975","64","975","65","970"
"XANGSANE","2000299N08139","WP","03:00:00","TS","25.12","122.38","50","985","72","50","985","49","985","60","975"
"XANGSANE","2000299N08139","WP","06:00:00","TS","26.17","123.03","50","985","65","50","985","34","995","55","980"
"XANGSANE","2000299N08139","WP","09:00:00","TS","27.42","124.14","50","985","57","50","985","34","995","50","985"
"XANGSANE","2000299N08139","WP","12:00:00","MX","28.77","125.72","","992","50","","992","34","995","45","990"
"XANGSANE","2000299N08139","WP","15:00:00","MX","30.09","127.42","","","47","","996","31","997","",""
"XANGSANE","2000299N08139","WP","18:00:00","MX","31.22","129.00","","1000","45","","1000","29","1000","",""
"XANGSANE","2000299N08139","WP","21:00:00","ET","32.03","130.36","","","","","1003","","","",""
"XANGSANE","2000299N08139","WP","2000-11-02 00:00:00","ET","32.70","131.80","","1006","","","1006","","","",""
"XANGSANE","2000299N08139","WP","03:00:00","ET","33.12","133.32","","","","","1006","","","",""
"XANGSANE","2000299N08139","WP","06:00:00","ET","33.40","134.90","","1006","","","1006","","","",""
"BEBINCA","2000305N06136","WP","2000-10-30 12:00:00","TS","6.00","136.10","","","20","","","","","",""
"BEBINCA","2000305N06136","WP","15:00:00","TS","5.99","135.18","","","22","","","","","",""
"BEBINCA","2000305N06136","WP","18:00:00","TS","6.80","134.57","","1004","25","","1004","","","",""
"BEBINCA","2000305N06136","WP","21:00:00","TS","7.61","133.98","","","25","","1004","","","",""
"BEBINCA","2000305N06136","WP","2000-10-31 00:00:00","TS","8.39","133.40","","1004","25","","1004","","","",""
"BEBINCA","2000305N06136","WP","03:00:00","TS","8.80","132.76","","","25","","1003","","","",""
"BEBINCA","2000305N06136","WP","06:00:00","TS","9.06","132.13","","1002","25","","1002","29","1002","",""
"BEBINCA","2000305N06136","WP","09:00:00","TS","9.30","131.48","","","25","","1002","29","1002","",""
"BEBINCA","2000305N06136","WP","12:00:00","TS","9.52","130.88","","1002","25","","1002","29","1002","25","1002"
"BEBINCA","2000305N06136","WP","15:00:00","TS","9.78","130.38","","","25","","1001","29","1002","25","1002"
"BEBINCA","2000305N06136","WP","18:00:00","TS","10.05","129.95","","1000","25","","1000","29","1002","25","1002"
"BEBINCA","2000305N06136","WP","21:00:00","TS","10.30","129.52","","","30","","999","31","1000","27","1001"
"BEBINCA","2000305N06136","WP","2000-11-01 00:00:00","TS","10.57","129.10","35","998","35","35","998","34","998","30","1000"
"BEBINCA","2000305N06136","WP","03:00:00","TS","10.95","128.69","","","35","35","997","34","998","32","999"
"BEBINCA","2000305N06136","WP","06:00:00","TS","11.35","128.22","35","996","35","35","996","34","998","35","998"
"BEBINCA","2000305N06136","WP","09:00:00","TS","11.71","127.64","","","40","40","995","36","996","37","996"
"BEBINCA","2000305N06136","WP","12:00:00","TS","12.07","127.05","45","994","45","45","994","38","995","40","994"
"BEBINCA","2000305N06136","WP","15:00:00","TS","12.45","126.56","","","50","47","992","43","992","45","989"
"BEBINCA","2000305N06136","WP","18:00:00","TS","12.82","126.08","50","990","55","50","990","48","990","50","985"
"BEBINCA","2000305N06136","WP","21:00:00","TS","13.21","125.50","","","57","52","987","48","990","55","980"
"BEBINCA","2000305N06136","WP","2000-11-02 00:00:00","TS","13.58","124.88","55","985","60","55","985","48","990","60","975"
"BEBINCA","2000305N06136","WP","03:00:00","TS","13.89","124.20","","","67","55","985","53","985","60","975"
"BEBINCA","2000305N06136","WP","06:00:00","TS","14.15","123.55","55","985","75","55","985","58","980","60","975"
"BEBINCA","2000305N06136","WP","09:00:00","TS","14.35","123.00","","","80","55","985","58","980","60","975"
"BEBINCA","2000305N06136","WP","12:00:00","TS","14.48","122.50","55","985","85","55","985","58","980","60","975"
"BEBINCA","2000305N06136","WP","15:00:00","TS","14.55","121.99","","","85","52","987","61","977","60","975"
"BEBINCA","2000305N06136","WP","18:00:00","TS","14.60","121.48","50","990","85","50","990","64","975","60","975"
"BEBINCA","2000305N06136","WP","21:00:00","TS","14.65","120.94","","","80","42","994","64","975","60","975"
"BEBINCA","2000305N06136","WP","2000-11-03 00:00:00","TS","14.72","120.43","35","998","75","35","998","64","975","60","975"
"BEBINCA","2000305N06136","WP","03:00:00","TS","14.85","119.97","","","70","37","997","64","975","60","975"
"BEBINCA","2000305N06136","WP","06:00:00","TS","15.00","119.55","40","996","65","40","996","64","975","60","975"
"BEBINCA","2000305N06136","WP","09:00:00","TS","15.15","119.15","","","60","42","995","56","980","57","977"
"BEBINCA","2000305N06136","WP","12:00:00","TS","15.33","118.80","45","994","55","45","994","48","985","55","980"
"BEBINCA","2000305N06136","WP","15:00:00","TS","15.52","118.53","","","52","45","993","48","985","55","980"
"BEBINCA","2000305N06136","WP","18:00:00","TS","15.73","118.28","45","992","50","45","992","48","985","55","980"
"BEBINCA","2000305N06136","WP","21:00:00","TS","15.96","117.94","","","52","47","991","48","985","55","980"
"BEBINCA","2000305N06136","WP","2000-11-04 00:00:00","TS","16.17","117.65","50","990","55","50","990","48","985","55","980"
"BEBINCA","2000305N06136","WP","03:00:00","TS","16.31","117.48","","","55","52","987","48","985","55","980"
"BEBINCA","2000305N06136","WP","06:00:00","TS","16.42","117.38","55","985","55","55","985","48","985","55","980"
"BEBINCA","2000305N06136","WP","09:00:00","TS","16.57","117.27","","","55","55","985","48","985","55","980"
"BEBINCA","2000305N06136","WP","12:00:00","TS","16.70","117.18","55","985","55","55","985","48","985","55","980"
"BEBINCA","2000305N06136","WP","15:00:00","TS","16.80","117.07","","","55","55","985","48","985","55","980"
"BEBINCA","2000305N06136","WP","18:00:00","TS","16.90","116.98","55","985","55","55","985","48","985","55","980"
"BEBINCA","2000305N06136","WP","21:00:00","TS","17.00","116.93","","","55","55","985","53","982","55","980"
"BEBINCA","2000305N06136","WP","2000-11-05 00:00:00","TS","17.15","116.90","55","985","55","55","985","58","980","55","980"
"BEBINCA","2000305N06136","WP","03:00:00","TS","17.39","116.88","","","55","55","985","58","980","55","980"
"BEBINCA","2000305N06136","WP","06:00:00","TS","17.70","116.85","55","985","55","55","985","58","980","55","980"
"BEBINCA","2000305N06136","WP","09:00:00","TS","18.02","116.79","","","60","57","982","58","980","55","980"
"BEBINCA","2000305N06136","WP","12:00:00","TS","18.38","116.75","60","980","65","60","980","58","980","55","980"
"BEBINCA","2000305N06136","WP","15:00:00","TS","18.75","116.80","","","65","60","980","58","980","55","980"
"BEBINCA","2000305N06136","WP","18:00:00","TS","19.10","116.88","60","980","65","60","980","58","980","55","980"
"BEBINCA","2000305N06136","WP","21:00:00","TS","19.40","116.94","","","65","57","982","58","977","55","980"
"BEBINCA","2000305N06136","WP","2000-11-06 00:00:00","TS","19.65","116.97","55","985","65","55","985","58","975","55","980"
"BEBINCA","2000305N06136","WP","03:00:00","TS","19.87","116.98","","","65","52","987","58","975","52","982"
"BEBINCA","2000305N06136","WP","06:00:00","TS","20.02","116.95","50","990","65","50","990","58","975","50","985"
"BEBINCA","2000305N06136","WP","09:00:00","TS","20.13","116.90","","","55","45","993","56","977","47","989"
"BEBINCA","2000305N06136","WP","12:00:00","TS","20.20","116.80","40","996","45","40","996","54","980","45","994"
"BEBINCA","2000305N06136","WP","15:00:00","TS","20.28","116.65","","","40","37","998","44","989","40","996"
"BEBINCA","2000305N06136","WP","18:00:00","TS","20.35","116.43","35","1000","35","35","1000","34","998","35","998"
"BEBINCA","2000305N06136","WP","21:00:00","TS","20.39","116.14","","","32","","1003","31","999","32","999"
"BEBINCA","2000305N06136","WP","2000-11-07 00:00:00","TS","20.42","115.80","","1006","30","","1006","29","1000","30","1000"
"BEBINCA","2000305N06136","WP","03:00:00","TS","20.50","115.41","","","27","","1006","29","1000","30","1000"
"BEBINCA","2000305N06136","WP","06:00:00","TS","20.61","115.01","","1006","25","","1006","29","1000","30","1000"
"BEBINCA","2000305N06136","WP","09:00:00","TS","20.69","114.63","","","25","","1006","24","1002","30","1000"
"BEBINCA","2000305N06136","WP","12:00:00","TS","20.80","114.25","","1006","25","","1006","19","1004","30","1000"
"BEBINCA","2000305N06136","WP","15:00:00","TS","20.94","113.86","","","25","","1007","","","30","1000"
"BEBINCA","2000305N06136","WP","18:00:00","TS","21.08","113.46","","1008","25","","1008","","","30","1000"
"BEBINCA","2000305N06136","WP","21:00:00","TS","21.24","113.30","","","22","","","","","",""
"BEBINCA","2000305N06136","WP","2000-11-08 00:00:00","TS","21.40","113.00","","","20","","","","","",""
"RUMBIA","2000334N08130","WP","2000-11-28 18:00:00","TS","8.30","130.40","44","990","",""
"RUMBIA","2000334N08130","WP","21:00:00","TS","8.40","130.64","44","990","",""
"RUMBIA","2000334N08130","WP","2000-11-29 00:00:00","TS","8.62","130.68","44","990","45","990"
"RUMBIA","2000334N08130","WP","03:00:00","TS","8.73","130.43","44","990","45","990"
"RUMBIA","2000334N08130","WP","06:00:00","TS","8.80","130.11","44","990","45","990"
"RUMBIA","2000334N08130","WP","09:00:00","TS","8.85","129.92","44","990","45","990"
"RUMBIA","2000334N08130","WP","12:00:00","TS","8.90","129.70","44","990","45","990"
"RUMBIA","2000334N08130","WP","15:00:00","TS","9.00","129.38","44","990","45","990"
"RUMBIA","2000334N08130","WP","18:00:00","TS","9.10","129.00","44","990","45","990"
"RUMBIA","2000334N08130","WP","21:00:00","TS","9.16","128.65","44","990","45","990"
"RUMBIA","2000334N08130","WP","2000-11-30 00:00:00","TS","9.25","128.25","44","990","45","990"
"RUMBIA","2000334N08130","WP","03:00:00","TS","9.42","127.71","44","990","45","990"
"RUMBIA","2000334N08130","WP","06:00:00","TS","9.65","127.15","44","990","45","990"
"RUMBIA","2000334N08130","WP","09:00:00","TS","9.92","126.69","44","990","45","990"
"RUMBIA","2000334N08130","WP","12:00:00","TS","10.20","126.25","44","990","45","990"
"RUMBIA","2000334N08130","WP","15:00:00","TS","10.46","125.75","44","990","45","990"
"RUMBIA","2000334N08130","WP","18:00:00","TS","10.64","125.33","44","990","45","990"
"RUMBIA","2000334N08130","WP","21:00:00","TS","10.73","125.01","41","992","42","991"
"RUMBIA","2000334N08130","WP","2000-12-01 00:00:00","TS","10.80","124.72","38","995","40","992"
"RUMBIA","2000334N08130","WP","03:00:00","TS","11.03","124.33","38","995","",""
"RUMBIA","2000334N08130","WP","06:00:00","TS","11.50","123.50","38","995","",""
"RUMBIA","2000334N08130","WP","09:00:00","TS","11.85","122.54","38","995","",""
"RUMBIA","2000334N08130","WP","12:00:00","TS","12.10","121.70","38","995","",""
